{"0.0029521902870733863": 0, "0.065745805356618": 1, "0.5721738041288845": 2, "0.8171146687434927": 3, "0.8527086752373607": 4, "0.8707469961395674": 5, "0.905633809573641": 6}